paper_id,title,year,authors,venue,doi,url,publisher,source,cluster_id,cluster_label
s2:e1145fb758302058bda5b0ff09defa39582810e1,"Artificial intelligence, capsule endoscopy, databases, and the Sword of Damocles",2021,X. Dray; E. Toth; Thomas de Lange; Anastasios Koulaouzidis,Endoscopy International Open,10.1055/a-1521-4882,https://www.semanticscholar.org/paper/e1145fb758302058bda5b0ff09defa39582810e1,Other,semantic_scholar,5,Unclassified (inspect top terms)
oa:W3214347812,Yoongoorrookoo,2021,Martuwarra RiverOfLife; Alessandro Pelizzon; Anne Poelina; Afshin Akhtar‐Khavari; Cristy Clark; Sarah Laborde; Elizabeth Macpherson; Katie O’Bryan; Erin O’Donnell; John Page,Griffith Law Review,10.1080/10383441.2021.1996882,https://openalex.org/W3214347812,Taylor & Francis,openalex,0,Unclassified (inspect top terms)
s2:88c29ac0bf23bee8bc43a446f981bf6c2734695d,The Role of Reinforcement Learning in Adaptive Cyber Defense Mechanisms,2021,Emmanuel Cadet; Edima David Etim; Iboro Akpan Essien; Joshua Oluwagbenga Ajayi; Eseoghene Daniel Erigha,International Journal of Multidisciplinary Research and Growth Evaluation,10.54660/.ijmrge.2021.2.2.544-559,https://www.semanticscholar.org/paper/88c29ac0bf23bee8bc43a446f981bf6c2734695d,Other,semantic_scholar,0,Unclassified (inspect top terms)
oa:W3198540468,Impact of climate change on biodiversity and food security: a global perspective—a review article,2021,Melese Genete Muluneh,Agriculture & Food Security,10.1186/s40066-021-00318-5,https://openalex.org/W3198540468,Other,openalex,0,Unclassified (inspect top terms)
s2:6c1e75f37186754e7a964abb9b534336e6513c03,Systematic Review of Penetration Testing and Vulnerability Assessment Using Nessus and Wireshark in Corporate IT Environments,2021,Olabode Michael Soneye; A. Adebayo; A. A. Afuwape; Ayorinde Olayiwola Akindemowo; Eseoghene Daniel Erigha; Ehimah Obuse; Joshua Oluwagbenga Ajayi; Emmanuel Cadet; Iboro Akpan Essien,Journal of Frontiers in Multidisciplinary Research,10.54660/.jfmr.2021.2.1.467-479,https://www.semanticscholar.org/paper/6c1e75f37186754e7a964abb9b534336e6513c03,Other,semantic_scholar,0,Unclassified (inspect top terms)
s2:76b1f92e95589b3693f180575aea55b369055b4e,Deep-Hook: A trusted deep learning-based framework for unknown malware detection and classification in Linux cloud environments,2021,Tom Landman; N. Nissim,Neural Networks,10.1016/j.neunet.2021.09.019,https://www.semanticscholar.org/paper/76b1f92e95589b3693f180575aea55b369055b4e,Elsevier (Scopus-indexed),semantic_scholar,2,Unclassified (inspect top terms)
s2:b83c7598f874602facb4d8b13cc494960dbceb50,A Review of Factors Affecting the Effectiveness of Phishing,2021,Robert Karamagi,Computer and Information Science,10.5539/cis.v15n1p20,https://www.semanticscholar.org/paper/b83c7598f874602facb4d8b13cc494960dbceb50,Other,semantic_scholar,2,Unclassified (inspect top terms)
s2:2cc8b66520baf61e066c9a2008b584b55a6116e9,A study of cyber attacks: In the healthcare sector,2021,Karuna S. Bhosale; M. Nenova; G. Iliev,2021 Sixth Junior Conference on Lighting (Lighting),10.1109/Lighting49406.2021.9598947,https://www.semanticscholar.org/paper/2cc8b66520baf61e066c9a2008b584b55a6116e9,IEEE,semantic_scholar,0,Unclassified (inspect top terms)
s2:247207155d60f26487b751d7b82965a861b76245,Unmasking Boko Haram: Exploring Global Jihad in Nigeria,2021,I. Buba,South African Journal of International Affairs,10.1080/10220461.2021.1918235,https://www.semanticscholar.org/paper/247207155d60f26487b751d7b82965a861b76245,Taylor & Francis,semantic_scholar,0,Unclassified (inspect top terms)
s2:fe6ea488803963ebb83a49a4ed7a21e613c37f52,A multi-layer approach for advanced persistent threat detection using machine learning based on network traffic,2021,Cho Do Xuan; Duc Duong; Xuan Dau Hoang,Journal of Intelligent & Fuzzy Systems,10.3233/JIFS-202465,https://www.semanticscholar.org/paper/fe6ea488803963ebb83a49a4ed7a21e613c37f52,Other,semantic_scholar,5,Unclassified (inspect top terms)
s2:25930378bd391e0b8dc3d57ec8d98bbd6594c63f,Blockchained Federated Learning for Threat Defense,2021,Konstantinos Demertzis,arXiv.org,,https://www.semanticscholar.org/paper/25930378bd391e0b8dc3d57ec8d98bbd6594c63f,Other,semantic_scholar,0,Unclassified (inspect top terms)
oa:W3120354059,A Multivocal Literature Review on Growing Social Engineering Based Cyber-Attacks/Threats During the COVID-19 Pandemic: Challenges and Prospective Solutions,2021,Mohammad Hijji; Gulzar Alam,IEEE Access,10.1109/access.2020.3048839,https://openalex.org/W3120354059,IEEE,openalex,0,Unclassified (inspect top terms)
oa:W3125947561,Cyber Threat Intelligence Framework for Incident Response in an Energy Cloud Platform,2021,Seonghyeon Gong; Changhoon Lee,Electronics,10.3390/electronics10030239,https://openalex.org/W3125947561,MDPI,openalex,2,Unclassified (inspect top terms)
oa:W3089006163,"Measurement report: Long-range transport patterns into the tropical northwest Pacific during the CAMP <sup>2</sup> Ex aircraft campaign: chemical composition, size distributions, and the impact of convection",2021,Miguel Ricardo A. Hilario; Ewan Crosbie; Michael A. Shook; Jeffrey S. Reid; Maria Obiminda Cambaliza; James Bernard Simpas; Luke D. Ziemba; Joshua P. DiGangi; Glenn S. Diskin; Phu Nguyen; F. Joseph Turk; Edward L. Winstead; Claire Robinson; Jian Wang; Jiaoshi Zhang; Yang Wang; Subin Yoon; James Flynn; Sergio Alvarez; Ali Behrangi; Armin Sorooshian,Atmospheric chemistry and physics,10.5194/acp-21-3777-2021,https://openalex.org/W3089006163,Other,openalex,2,Unclassified (inspect top terms)
oa:W3157672484,Survey on Detection and Prevention of Phishing Websites using Machine Learning,2021,Malaika Rastogi; Anmol Chhetri; Divyanshu Singh; Gokul Rajan,2021 International Conference on Advance Computing and Innovative Technologies in Engineering (ICACITE),10.1109/icacite51222.2021.9404714,https://openalex.org/W3157672484,IEEE,openalex,0,Unclassified (inspect top terms)
s2:07374415a0c5fd0c97fa07c4f8a1f460ee75bf2a,Cyber-Security Challenges in Aviation Industry: A Review of Current and Future Trends,2021,Elochukwu A. Ukwandu; M. B. Farah; Hanan Hindy; Miroslav Bures; Robert C. Atkinson; C. Tachtatzis; X. Bellekens,Inf.,10.3390/info13030146,https://www.semanticscholar.org/paper/07374415a0c5fd0c97fa07c4f8a1f460ee75bf2a,MDPI,semantic_scholar,0,Unclassified (inspect top terms)
s2:4e5724cc91d9f3acca91305b2e41eb43267eea31,Intrusion Detection Based on Sequential Information Preserving Log Embedding Methods and Anomaly Detection Algorithms,2021,Czangyeob Kim; Myeongjun Jang; Seungwan Seo; Kyeongchan Park; Pilsung Kang,IEEE Access,10.1109/ACCESS.2021.3071763,https://www.semanticscholar.org/paper/4e5724cc91d9f3acca91305b2e41eb43267eea31,IEEE,semantic_scholar,5,Unclassified (inspect top terms)
oa:W4299878825,"The wrongs, harms, and ineffectiveness of torture: A moral evaluation from empirical neuroscience",2022,Nayef R. F. Al-Rodhan,Journal of Social Philosophy,10.1111/josp.12494,https://openalex.org/W4299878825,Other,openalex,0,Unclassified (inspect top terms)
s2:c5569dbb5e49ea92a75cb29d8d7a678126631d0f,Estimating Attackers’ Profiles Results in More Realistic Vulnerability Severity Scores,2022,Kitty Kioskli; Nineta Polemi,Human Factors in Cybersecurity,10.54941/ahfe1002211,https://www.semanticscholar.org/paper/c5569dbb5e49ea92a75cb29d8d7a678126631d0f,Other,semantic_scholar,1,Unclassified (inspect top terms)
s2:950191f6dfa282a83ad6d6628191fd7536267f38,Cybersecurity in Industrial Control Systems: Strategies for Protecting Critical Infrastructure,2022,Kratika Jain,International Journal of Research in Modern Engineering &amp; Emerging Technology,10.63345/ijrmeet.org.v10.i11.4,https://www.semanticscholar.org/paper/950191f6dfa282a83ad6d6628191fd7536267f38,Other,semantic_scholar,2,Unclassified (inspect top terms)
oa:W4210870994,Cyber resilience in supply chain system security using machine learning for threat predictions,2022,Abel Yeboah-Ofori; Cameron Swart; Francisca Afua Opoku-Boateng; Shareeful Islam,Continuity & Resilience Review,10.1108/crr-10-2021-0034,https://openalex.org/W4210870994,Other,openalex,0,Unclassified (inspect top terms)
s2:06ce26d3d4a07f05d91ddf87472c2ad9fffce9e7,Smart Grid and wind generators: an overview of cyber threats and vulnerabilities of power supply networks,2022,Ihor Fursov; Klym Yamkovyi; Olexander Shmatko,RADIOELECTRONIC AND COMPUTER SYSTEMS,10.32620/reks.2022.4.04,https://www.semanticscholar.org/paper/06ce26d3d4a07f05d91ddf87472c2ad9fffce9e7,Other,semantic_scholar,6,Unclassified (inspect top terms)
s2:26cbc9c9000a118d6a754acd5b0423daf2001e75,A Novel Approach of BRELU RESNET Based Cyber Attack Detection System with BAIT Based Approach for Mitigation,2022,S. Prabhu; N. P. S.,International journal of applied engineering and management letters,10.47992/ijaeml.2581.7000.0134,https://www.semanticscholar.org/paper/26cbc9c9000a118d6a754acd5b0423daf2001e75,Other,semantic_scholar,0,Unclassified (inspect top terms)
oa:W4414100646,Natural Language Processing for Cybersecurity: Automating Threat Report Analysis,2022,Ehimah Obuse; Noah Ayanbode; Emmanuel Cadet; Edima David Etim; Iboro Akpan Essien,International Journal of Multidisciplinary Research and Growth Evaluation,10.54660/.ijmrge.2022.3.4.708-723,https://openalex.org/W4414100646,Other,openalex,0,Unclassified (inspect top terms)
oa:W4307812662,Threat-Based Simulation of Data Exfiltration Toward Mitigating Multiple Ransomware Extortions,2022,Michael Mundt; Harald Baier,Digital Threats Research and Practice,10.1145/3568993,https://openalex.org/W4307812662,ACM,openalex,0,Unclassified (inspect top terms)
s2:594fa908f70fbbe2c2013a5574332764541aede9,Cybersecurity Auditing in the Digital Age: A Review of Methodologies and Regulatory Implications,2022,Oluwatosin Ilori; Comfort Iyabode Lawal; Solomon Christopher Friday; Ngozi Joan Isibor; Ezinne C. Chukwuma- Eke,Journal of Frontiers in Multidisciplinary Research,10.54660/.ijfmr.2022.3.1.174-187,https://www.semanticscholar.org/paper/594fa908f70fbbe2c2013a5574332764541aede9,Other,semantic_scholar,0,Unclassified (inspect top terms)
oa:W4225658247,TriCTI: an actionable cyber threat intelligence discovery system via trigger-enhanced neural network,2022,Jian Liu; Junjie Yan; Jun Jiang; Yitong He; Xuren Wang; Zhengwei Jiang; Peian Yang; Ning Li,Cybersecurity,10.1186/s42400-022-00110-3,https://openalex.org/W4225658247,Other,openalex,6,Unclassified (inspect top terms)
s2:f011b9d21de16783e6ec363851c52c0a86c14876,"Advanced Persistent Threats and Nigeria’s Critical Infrastructure: Assessing Vulnerabilities, Attack Patterns, and National Security Implications December 2022",2022,Joseph Dzomon,International Journal of Frontiers in Science and Technology Research,10.53294/ijfstr.2022.3.2.0061,https://www.semanticscholar.org/paper/f011b9d21de16783e6ec363851c52c0a86c14876,Other,semantic_scholar,0,Unclassified (inspect top terms)
oa:W4292595621,Analysis of Models and Techniques Used for Attribution of Cyber Security Violators in the Implementation of Targeted Attacks,2022,Igor Kotenko; Semyon Khmyrov,Voprosy kiberbezopasnosti,10.21681/2311-3456-2022-4-52-79,https://openalex.org/W4292595621,Other,openalex,0,Unclassified (inspect top terms)
oa:W4312747208,Threat Actors’ Tenacity to Disrupt: Examination of Major Cybersecurity Incidents,2022,Olufunsho I. Falowo; Saheed Popoola; Josette Riep; Victor Adewopo; Jacob Koch,IEEE Access,10.1109/access.2022.3231847,https://openalex.org/W4312747208,IEEE,openalex,0,Unclassified (inspect top terms)
s2:3a4d8c24dc2d73374a73f228219909edfd958407,The Problem of Identifying the Source (Atribution) of Cyberattacks – An International Security Factor,2022,A. Markov; N. Romashkina,World Economy and International Relations,10.20542/0131-2227-2022-66-12-58-68,https://www.semanticscholar.org/paper/3a4d8c24dc2d73374a73f228219909edfd958407,Other,semantic_scholar,2,Unclassified (inspect top terms)
oa:W4309797028,Cyber risk management for autonomous passenger ships using threat-informed defense-in-depth,2022,Ahmed Amro; Vasileios Gkioulos,International Journal of Information Security,10.1007/s10207-022-00638-y,https://openalex.org/W4309797028,Springer,openalex,0,Unclassified (inspect top terms)
oa:W4413844227,"Optimizing Cyber Risk Governance Using Global Frameworks: ISO, NIST, and COBIT Alignment",2022,Iboro Akpan Essien; Emmanuel Cadet; Joshua Oluwagbenga Ajayi; Eseoghene Daniel Erigh; Ehimah Obuse; Noah Ayanbode; Lawal Abdulmutalib Babatunde,Journal of Frontiers in Multidisciplinary Research,10.54660/.jfmr.2022.3.1.618-629,https://openalex.org/W4413844227,Other,openalex,0,Unclassified (inspect top terms)
s2:7e87fa26e37b87268804d90bc18e1480d01c2f5a,Memory Forensics-Based Malware Detection Using Computer Vision and Machine Learning,2022,Syed Shakir Hameed Shah; A. R. Ahmad; N. Jamil; Atta ur Rehman Khan,Electronics,10.3390/electronics11162579,https://www.semanticscholar.org/paper/7e87fa26e37b87268804d90bc18e1480d01c2f5a,MDPI,semantic_scholar,0,Unclassified (inspect top terms)
oa:W4404210442,"Integrating Artificial Intelligence, machine learning, and data analytics in cybersecurity: A holistic approach to advanced threat detection and response",2023,A. Raji; Abiola O. Olawore; Adeyinka Ayodeji Mustapha; J. Joseph,World Journal of Advanced Research and Reviews,10.30574/wjarr.2023.20.3.2741,https://openalex.org/W4404210442,Other,openalex,0,Unclassified (inspect top terms)
s2:9ca9af8e24f77a2fd1996886d0a4183edb102a12,"Integrating Artificial Intelligence, machine learning, and data analytics in cybersecurity: A holistic approach to advanced threat detection and response",2023,Adeola N. Raji; Abiola O. Olawore; A. Ayodeji; Jennifer E Joseph,World Journal of Advanced Research and Reviews,10.30574/wjarr.2024.24.2.3197,https://www.semanticscholar.org/paper/9ca9af8e24f77a2fd1996886d0a4183edb102a12,Other,semantic_scholar,0,Unclassified (inspect top terms)
s2:862f671f088cbd59b0d88e11d6837501880d15db,Cybersecurity and Network Engineering: Bridging the Gap for Optimal Protection,2023,Srikanth Bellamkonda,International Journal of Innovative Research in Science Engineering and Technology,10.15680/ijirset.2023.1204007,https://www.semanticscholar.org/paper/862f671f088cbd59b0d88e11d6837501880d15db,Other,semantic_scholar,0,Unclassified (inspect top terms)
s2:0d7db73cd42447c8e687e7dc3100e92f7e4c51b6,Strengthening cyber resilience in financial institutions: A strategic approach to threat mitigation and risk management,2023,T. Oladele; Tope Oladele Jooda; Adeyemo Taiwo Samson; Adeyemi Adewunmi Olalemi,World Journal of Advanced Research and Reviews,10.30574/wjarr.2023.20.3.2460,https://www.semanticscholar.org/paper/0d7db73cd42447c8e687e7dc3100e92f7e4c51b6,Other,semantic_scholar,0,Unclassified (inspect top terms)
oa:W4380049680,Secure Preschool Education Using Machine Learning and Metaverse Technologies,2023,Qifen Zhang,Applied Artificial Intelligence,10.1080/08839514.2023.2222496,https://openalex.org/W4380049680,Taylor & Francis,openalex,0,Unclassified (inspect top terms)
oa:W4390168184,CYBERSECURITY RISK ASSESSMENT IN BANKING: METHODOLOGIES AND BEST PRACTICES,2023,Samuel Onimisi Dawodu; Adedolapo Omotosho; Odunayo Josephine Akindote; Abimbola Oluwatoyin Adegbite; Sarah Kuzankah Ewuga,Computer Science & IT Research Journal,10.51594/csitrj.v4i3.659,https://openalex.org/W4390168184,Other,openalex,0,Unclassified (inspect top terms)
s2:4cc23e6eb9e84fb9bcb73848c78438a05cc7febc,Apprentissage automatique non supervisé pour la détection de trafics illégitimes. (Unsupervised machine learning for illegitimate traffic detection),2023,Thi Quynh Nguyen,,10.70675/24c12964zc3a5z400ezb6aaz31313e070227,https://www.semanticscholar.org/paper/4cc23e6eb9e84fb9bcb73848c78438a05cc7febc,Other,semantic_scholar,4,Unclassified (inspect top terms)
oa:W4321506460,The Impact of Artificial Intelligence on Workers’ Skills: Upskilling and Reskilling in Organisations,2023,Sofia Morandini; Federico Fraboni; Marco De Angelis; Gabriele Puzzo; Davide Giusino; Luca Pietrantoni,Informing Science The International Journal of an Emerging Transdiscipline,10.28945/5078,https://openalex.org/W4321506460,Other,openalex,0,Unclassified (inspect top terms)
s2:aadae232b0dd884f9a2aea90a42748bd168638d6,Accelerant Facilitation for an Adaptive Weighting-Based Multi-Index Assessment of Cyber Physical Power Systems,2023,Steve Chan; P. Nopphawan,2023 IEEE 3rd International Conference in Power Engineering Applications (ICPEA),10.1109/ICPEA56918.2023.10093212,https://www.semanticscholar.org/paper/aadae232b0dd884f9a2aea90a42748bd168638d6,IEEE,semantic_scholar,0,Unclassified (inspect top terms)
s2:f54a3995ab31fb04512bc2b1fd9efc6cfb33834b,"A Taxonomic Classification of Insider Threats: Existing Techniques, Future Directions & Recommendations",2023,Usman Rauf; Fadi Mohsen; Zhiyuan Wei,Journal of Cyber Security and Mobility,10.13052/jcsm2245-1439.1225,https://www.semanticscholar.org/paper/f54a3995ab31fb04512bc2b1fd9efc6cfb33834b,Other,semantic_scholar,6,Unclassified (inspect top terms)
s2:b11e2a7bb6aee969a4920bff181ab558b6cc6015,Generating Synthetic Tabular Data for DDoS Detection Using Generative Models,2023,Samed Saka; Ali Al-Ataby; Valerio Selis,"International Conference on Trust, Security and Privacy in Computing and Communications",10.1109/TrustCom60117.2023.00196,https://www.semanticscholar.org/paper/b11e2a7bb6aee969a4920bff181ab558b6cc6015,IEEE,semantic_scholar,1,Unclassified (inspect top terms)
s2:ce2b6a82fde30f4670d100d61ecd082e27cd1d12,Central Medical Centre Healthcare Data Security with Lightweight Blockchain Model in IoT Sensor Environment,2023,T. Bhaskar; M.N. Narsaiah; M. Ravikanth,"Journal of Sensors, IoT &amp; Health Sciences",10.69996/jsihs.2023002,https://www.semanticscholar.org/paper/ce2b6a82fde30f4670d100d61ecd082e27cd1d12,Other,semantic_scholar,0,Unclassified (inspect top terms)
s2:e1ca851fb51fccc8fc912771f881174e23844ec5,A Systematic Literature Review and a Conceptual Framework Proposition for Advanced Persistent Threats (APT) Detection for Mobile Devices Using Artificial Intelligence Techniques,2023,Amjed Ahmed Al-Kadhimi; M. Singh; M. Khalid,Applied Sciences,10.3390/app13148056,https://www.semanticscholar.org/paper/e1ca851fb51fccc8fc912771f881174e23844ec5,MDPI,semantic_scholar,0,Unclassified (inspect top terms)
s2:4399fd9125bab4991ab0c5f8563c09595f5f0052,"A Conceptual Framework for Financial Network Resilience Integrating Cybersecurity, Risk Management, and Digital Infrastructure Stability",2023,Nnennaya Halliday,International Journal of Advanced Multidisciplinary Research and Studies,10.62225/2583049x.2023.3.2.4887,https://www.semanticscholar.org/paper/4399fd9125bab4991ab0c5f8563c09595f5f0052,Other,semantic_scholar,0,Unclassified (inspect top terms)
s2:b90fa69eea7766715e5f2efea7eae7f9d1262653,A Cyber Counterintelligence Competence Framework: Developing the Job Roles,2023,Thenjiwe Sithole; J. D. Toit; S. V. Solms,European Conference on Cyber Warfare and Security,10.34190/eccws.22.1.1093,https://www.semanticscholar.org/paper/b90fa69eea7766715e5f2efea7eae7f9d1262653,Other,semantic_scholar,1,Unclassified (inspect top terms)
s2:303704310acf983f4e83292e64377512cbe36c09,Sociological study of cyber threats as an integrated part of the general data protection regulation,2023,M. Muqsith; V. Muzykant; R. R. Pratomo,RUDN journal of Sociology,10.22363/2313-2272-2023-23-4-851-865,https://www.semanticscholar.org/paper/303704310acf983f4e83292e64377512cbe36c09,Other,semantic_scholar,0,Unclassified (inspect top terms)
s2:bd32b00178ede62383e57e68a69b079df1759681,A Multi-Model Proposal for Classification and Detection of DDoS Attacks on SCADA Systems,2023,Esra Söğüt; O. A. Erdem,Applied Sciences,10.3390/app13105993,https://www.semanticscholar.org/paper/bd32b00178ede62383e57e68a69b079df1759681,MDPI,semantic_scholar,2,Unclassified (inspect top terms)
oa:W4400969559,Cybersecurity Trends in the European Union: Regulatory Mercantilism and the Digitalisation of Geopolitics,2024,Helena Carrapico; Benjamin Farrand,JCMS Journal of Common Market Studies,10.1111/jcms.13654,https://openalex.org/W4400969559,Other,openalex,0,Unclassified (inspect top terms)
s2:8ce3fbcf131da8c1c67a308964731ac1ba0f6158,From Data to Defense: How Ontology Fuels AI in Cyber Threat Detection,2024,Sheetal Dash; H. Seker; Maryam Shahpasand,International Conference on Advances in Artificial Intelligence,10.1145/3704137.3704176,https://www.semanticscholar.org/paper/8ce3fbcf131da8c1c67a308964731ac1ba0f6158,ACM,semantic_scholar,0,Unclassified (inspect top terms)
s2:6c04d8fb9a8eb7e902a1885cd4985374bfdcee1b,"Risk Management in it Program Management: Balancing Cybersecurity, AI Integration and Infrastructure Stability",2024,Kumar Saurabh,International Journal of Advance Industrial Engineering,10.14741/ijaie/v.12.1.1,https://www.semanticscholar.org/paper/6c04d8fb9a8eb7e902a1885cd4985374bfdcee1b,Other,semantic_scholar,0,Unclassified (inspect top terms)
oa:W4396629463,Multi-Stage Network Attack Detection Algorithm Based on Gaussian Mixture Hidden Markov Model and Transfer Learning,2024,Qian Wang; W.K. Wang; Yan Wang; Jiadong Ren; Bing Zhang,IEEE Transactions on Automation Science and Engineering,10.1109/tase.2024.3395355,https://openalex.org/W4396629463,IEEE,openalex,2,Unclassified (inspect top terms)
s2:5c979453c027cba5c2b66979178951a46e7fae25,Analisis Kinerja Intrusion Detection System Berbasis Algoritma Random Forest Menggunakan Dataset Unbalanced Honeynet BSSN,2024,Kuni Inayah; K. Ramli,Jurnal Teknologi Informasi dan Ilmu Komputer,10.25126/jtiik.1148911,https://www.semanticscholar.org/paper/5c979453c027cba5c2b66979178951a46e7fae25,Other,semantic_scholar,3,Unclassified (inspect top terms)
s2:af3ae7336af88459da428c5c7f447cbda0457478,ADVANCEMENTS IN SMART AND ENERGY-EFFICIENT HVAC SYSTEMS: A PRISMA-BASED SYSTEMATIC REVIEW,2024,Mohammad Shahadat Hossain Sikdar; Md Shahadat Hossain; Saleh Mohammad Mobin; Adar Chowdhury; Sharif Md Yousuf Bhuiyan,American Journal of Scholarly Research and Innovation,10.63125/ts16bd22,https://www.semanticscholar.org/paper/af3ae7336af88459da428c5c7f447cbda0457478,Other,semantic_scholar,0,Unclassified (inspect top terms)
s2:4000b5793be0f0ecf1a438945c57cdd5b86e9e94,LOW-SPEED HTTP DDOS ATTACK PREVENTION MODEL FOR END USERS,2024,Petro Ponochovny,"Cybersecurity: Education, Science, Technique",10.28925/2663-4023.2024.26.695,https://www.semanticscholar.org/paper/4000b5793be0f0ecf1a438945c57cdd5b86e9e94,Other,semantic_scholar,2,Unclassified (inspect top terms)
s2:988b554e9a36625d9c605894b90b8e010da01e9d,Framework for Mitigating Phishing E-mail in the Kenyan Banking Industry Using Artificial Intelligence (AI),2024,Asiema Mwavali,International journal of technology and systems,10.47604/ijts.2781,https://www.semanticscholar.org/paper/988b554e9a36625d9c605894b90b8e010da01e9d,Other,semantic_scholar,0,Unclassified (inspect top terms)
oa:W4399192732,The role of big data in detecting and preventing financial fraud in digital transactions,2024,Ezekiel Onyekachukwu Udeh; Prisca Amajuoyi; Kudirat Bukola Adeusi; Anwulika Ogechukwu Scott,World Journal of Advanced Research and Reviews,10.30574/wjarr.2024.22.2.1575,https://openalex.org/W4399192732,Other,openalex,0,Unclassified (inspect top terms)
s2:9f6e1bb0e86693a64c83fe205f5354ad62ccda2a,An Incident Management System Design to Protect Critical Infrastructures from Cyber Attacks,2024,Uğur Gürtürk; Zeynep Gürkaş Aydın,Journal of Mathematical Sciences and Modelling,10.33187/jmsm.1484997,https://www.semanticscholar.org/paper/9f6e1bb0e86693a64c83fe205f5354ad62ccda2a,Other,semantic_scholar,2,Unclassified (inspect top terms)
s2:b5de16c97c7505f0844bbcce9d202a733b1482ef,Junctionless negative capacitance FinFET-based dielectric modulated biosensor with strain silicon integration at different FE thickness,2024,N. Gandhi; P. N. Kondekar,Journal of Physics D: Applied Physics,10.1088/1361-6463/ada2f8,https://www.semanticscholar.org/paper/b5de16c97c7505f0844bbcce9d202a733b1482ef,Other,semantic_scholar,4,Unclassified (inspect top terms)
s2:275803ee77199d20f6d4fd8dfc01c436a9ec7c71,Cybercrimes: An Emerging Category of Offenses within the Frame of the International Criminal Court Jurisdiction,2024,Clara Pettoello-Mantovani,International Journal of Law and Politics Studies,10.32996/ijlps.2024.6.2.2,https://www.semanticscholar.org/paper/275803ee77199d20f6d4fd8dfc01c436a9ec7c71,Other,semantic_scholar,0,Unclassified (inspect top terms)
s2:6cb36fb395444697e84a65e06228b1c440156814,Network Intrusion Detection System Using Optuna,2024,Nishank Parekh; Arzob Sen; P. Rajasekaran; J. D. D. Jayaseeli; P. Robert,2024 International Conference on IoT Based Control Networks and Intelligent Systems (ICICNIS),10.1109/ICICNIS64247.2024.10823298,https://www.semanticscholar.org/paper/6cb36fb395444697e84a65e06228b1c440156814,IEEE,semantic_scholar,0,Unclassified (inspect top terms)
oa:W4404843334,AI-Driven Solutions for Safeguarding Healthcare Data: Innovations in Cybersecurity,2024,Sabira Arefin; Mia Simcox,International Business Research,10.5539/ibr.v17n6p74,https://openalex.org/W4404843334,Other,openalex,2,Unclassified (inspect top terms)
s2:18aa2f71252e3e3d08d142f97d57842776fbe3e9,"Enterprise Cybersecurity Trends and Threat Evolution, Advances and Emerging Research Directions",2024,P. Okoruwa; Oladapo Fadayomi; Toyosi O Abolaji; Joseph Edivri; Jolly I Ogbole; Bisola Akeju,Global Multidisciplinary Perspectives Journal,10.54660/gmpj.2024.1.6.194-204,https://www.semanticscholar.org/paper/18aa2f71252e3e3d08d142f97d57842776fbe3e9,Other,semantic_scholar,2,Unclassified (inspect top terms)
oa:W4391321540,AI-Driven Cloud Security: Examining the Impact of User Behavior Analysis on Threat Detection,2024,Samuel Oladiipo Olabanji; Yewande Alice Marquis; Chinasa Susan Adigwe; Samson Abidemi Ajayi; Tunbosun Oyewale Oladoyinbo; Oluwaseun Oladeji Olaniyi,Asian Journal of Research in Computer Science,10.9734/ajrcos/2024/v17i3424,https://openalex.org/W4391321540,Other,openalex,2,Unclassified (inspect top terms)
s2:567ff0d29f691f8295f484196fb6ec8dad8126e2,CYBER WARFARE AND INTERNATIONAL CRIMINAL LAW: STATE RESPONSIBILITY FOR CYBER ATTACKS,2024,Abdulmecit Nuredin; Tevfík Can İnan,Congress Proceedings,10.55843/isc2024conf189n,https://www.semanticscholar.org/paper/567ff0d29f691f8295f484196fb6ec8dad8126e2,Other,semantic_scholar,0,Unclassified (inspect top terms)
s2:bbed5027862994e90c7d6f51c91df71b4c8efc01,Harnessing Artificial Intelligence to Strengthen Intrusion Detection in Modern Network System,2025,Kamal Mohammed Najeeb Shaik,International Journal of Scientific Research and Management,10.18535/ijsrm/v13i07.ec05,https://www.semanticscholar.org/paper/bbed5027862994e90c7d6f51c91df71b4c8efc01,Other,semantic_scholar,0,Unclassified (inspect top terms)
s2:410caa1f9d961bfaae820bb1e284687d83b1f25f,Cyber Risk Assessment Model for Predicting and Preventing Attacks on Smart Power Grids Using Machine Learning,2025,Julius Nani Gadah; Justine Chilenovu Ogborigbo; A. Obi,World Journal of Advanced Engineering Technology and Sciences,10.30574/wjaets.2025.14.2.0065,https://www.semanticscholar.org/paper/410caa1f9d961bfaae820bb1e284687d83b1f25f,Other,semantic_scholar,0,Unclassified (inspect top terms)
s2:1c79b1dfe669d32aaa70a96c95b6a8d3c9d55d99,"Machine Learning for Cybersecurity: Web Attack Detection (Brute Force, XSS, SQL Injection)",2025,Muhammad Irfa’issurur; B. Josaphat,InPrime Indonesian Journal of Pure and Applied Mathematics,10.15408/inprime.v7i1.41025,https://www.semanticscholar.org/paper/1c79b1dfe669d32aaa70a96c95b6a8d3c9d55d99,Other,semantic_scholar,3,Unclassified (inspect top terms)
s2:7a85b68dbbedb7103e6f570297a41eb399a6563a,"An Integrated Cybersecurity Defense Framework for Attack Intelligence Analysis, Counteraction, and Traceability in Complex Network Architectures",2025,Xiangyu Le; Hushuang Zeng,EAI Endorsed Transactions on Scalable Information Systems,10.4108/eetsis.9770,https://www.semanticscholar.org/paper/7a85b68dbbedb7103e6f570297a41eb399a6563a,IEEE,semantic_scholar,2,Unclassified (inspect top terms)
s2:e47eb092b5a1ac0d32c8bb8f28b0a28e4a9dcc7a,Mitigating Pakistan's Smog Crisis Through Predictive Modeling,2025,Javed Anjum Sheikh; Usman Javed Sheikh; F. Sheikh,AHFE International,10.54941/ahfe1006591,https://www.semanticscholar.org/paper/e47eb092b5a1ac0d32c8bb8f28b0a28e4a9dcc7a,Other,semantic_scholar,0,Unclassified (inspect top terms)
oa:W4414444156,"Generative AI of things for sustainable smart cities: Synergizing cognitive augmentation, resource efficiency, network traffic, cybersecurity, and anomaly detection for environmental performance",2025,Simon Elias Bibri; Jeffrey Huang,Sustainable Cities and Society,10.1016/j.scs.2025.106826,https://openalex.org/W4414444156,Elsevier (Scopus-indexed),openalex,0,Unclassified (inspect top terms)
s2:57d4ae122ece4507acacd096bf04a1636d8ffc01,Application of multivariate cumulative sum control charts for detecting cyber attacks,2025,S.D. Erokhin; B. Borisenko; A. Fadeev; D.A. Kryukov,Highly available systems,10.18127/j20729472-202502-07,https://www.semanticscholar.org/paper/57d4ae122ece4507acacd096bf04a1636d8ffc01,Other,semantic_scholar,2,Unclassified (inspect top terms)
s2:d0f7642de5cfdde3f04d0d35f0d436ba86f488a1,AI Driven Cyber Deception in FinTech: An Adaptive Defense Strategy,2025,Isaac Ojeh; Xavier-Lewis Palmer; Lucas Potter,International Conference on AI Research,10.34190/icair.5.1.4365,https://www.semanticscholar.org/paper/d0f7642de5cfdde3f04d0d35f0d436ba86f488a1,Other,semantic_scholar,2,Unclassified (inspect top terms)
oa:W4411554604,Enhancing cybersecurity: a semantic network analysis of MITRE ATT&amp;CK® techniques,2025,C. Matt Graham,Information and Computer Security,10.1108/ics-09-2024-0225,https://openalex.org/W4411554604,Other,openalex,2,Unclassified (inspect top terms)
s2:4e669b7a7fe0dcb4ae2f6e4c59bfe95db15e4bdb,The Integration of AI and blockchain technologies for secure data management in cybersecurity,2025,Nafisat Zajime Bako; Chidiebube Nelson Ozioko; Ismail Oluwasola Sanni; O. Oni,World Journal of Advanced Research and Reviews,10.30574/wjarr.2025.25.3.0784,https://www.semanticscholar.org/paper/4e669b7a7fe0dcb4ae2f6e4c59bfe95db15e4bdb,Other,semantic_scholar,0,Unclassified (inspect top terms)
oa:W4412675297,An approach for classifying sociotechnical attacks,2025,Олександр Григорович Корченко; Анна Корченко; Serhii Zybin; Кирило ДАВИДЕНКО,RADIOELECTRONIC AND COMPUTER SYSTEMS,10.32620/reks.2025.2.15,https://openalex.org/W4412675297,Other,openalex,0,Unclassified (inspect top terms)
s2:13b06b1effed22dc1d4617dc92285e312f9ce5d2,Evaluating the Impact of Cyberattacks on AI-Based Machine Vision Systems: A Case Study of Threaded Fasteners,2025,Vijayanth Tummala; Ankit Agarwal; A. Gill; Seung-Jin Lee; Laine Mears,Volume 2: Advanced Manufacturing,10.1115/imece2025-164156,https://www.semanticscholar.org/paper/13b06b1effed22dc1d4617dc92285e312f9ce5d2,Other,semantic_scholar,2,Unclassified (inspect top terms)
s2:2e47dfe5c1d0a06a8bacf09df41e9f7060e85773,Machine Learning in Cybersecurity: Threat Detection and Response,2025,T. R. Gadad; Varshitha R; Yoghana B K; Yumlembam Henba Singh,2025 1st International Conference on AIML-Applications for Engineering & Technology (ICAET),10.1109/ICAET63349.2025.10932275,https://www.semanticscholar.org/paper/2e47dfe5c1d0a06a8bacf09df41e9f7060e85773,IEEE,semantic_scholar,0,Unclassified (inspect top terms)
s2:57339fa8d4abba217ceff2d1e4444f7fdf474471,Forensics Investigation Framework for Advanced Threat Detection in Quantum-Era Networks,2025,O. Nyarko-Boateng; Isaac Kofi Nti; S. Boateng; Adebayo Felix Adekoya; B. Weyori; F. U. Bawah; P. Nimbe; Foster Yeboah; Henrietta Adjei Pokua,Indian Journal of Science and Technology,10.17485/ijst/v18i44.1401,https://www.semanticscholar.org/paper/57339fa8d4abba217ceff2d1e4444f7fdf474471,Other,semantic_scholar,2,Unclassified (inspect top terms)
s2:8f8c8c446f1b0f43b3b0a214f8254bafbe788d73,AI-Driven Threat Detection and Response,2025,Pietro Di Maria,Journal of Artificial Intelligence &amp; Cloud Computing,10.47363/jaicc/icaic2025/2025(4)5,https://www.semanticscholar.org/paper/8f8c8c446f1b0f43b3b0a214f8254bafbe788d73,Other,semantic_scholar,0,Unclassified (inspect top terms)
s2:732216a7711526f1b7dc8fabdfde0e0f552dca30,Probabilistic Deming Deep Recursive Network and Schmidt-Samoa Cryptosystem for Cyber Attack Detection and Secure Transmission in Wireless Networks,2025,Dr. B. Srinivasan,Communications on Applied Nonlinear Analysis,10.52783/cana.v32.4167,https://www.semanticscholar.org/paper/732216a7711526f1b7dc8fabdfde0e0f552dca30,Other,semantic_scholar,6,Unclassified (inspect top terms)
s2:3d359b72d008c0b1987895817ce77bbc716265f6,Inaugural Editorial of the Inspire Smart Systems First Issue Publication,2026,Nazeeruddin Mohammad,Inspire Smart Systems Journal,10.65718/inspiress.2026.3006,https://www.semanticscholar.org/paper/3d359b72d008c0b1987895817ce77bbc716265f6,Other,semantic_scholar,0,Unclassified (inspect top terms)
s2:d00b95daf69446f15d1eee453beff840af9c7c77,"The APT Paradox: Sophisticated Simplicity in Nation-state Cyber Operations (2024–2025), Trends, Detection Provenance, and Practical Gaps",2026,Raymond André Hagen,International Conference on Cyber Warfare and Security,10.34190/iccws.21.1.4404,https://www.semanticscholar.org/paper/d00b95daf69446f15d1eee453beff840af9c7c77,Other,semantic_scholar,0,Unclassified (inspect top terms)
s2:e1c6949320db0da8c52635f06fab1f10f486e40e,Cyber Operations and the Threshold for Cyber Warfare: Ethical and Anticipated Ethical Issues,2026,Richard Wilson; Noah Donnelly,International Conference on Cyber Warfare and Security,10.34190/iccws.21.1.4504,https://www.semanticscholar.org/paper/e1c6949320db0da8c52635f06fab1f10f486e40e,Other,semantic_scholar,0,Unclassified (inspect top terms)
s2:6af2a9ac0534bb86fb04360ce19bcd55405f2dd3,The Applicability of International Humanitarian Law to Cyber Operations: A Review of Russian and Western Approaches,2026,V. Kozyulin,Vestnik RUDN International Relations,10.22363/2313-0660-2026-26-1-62-76,https://www.semanticscholar.org/paper/6af2a9ac0534bb86fb04360ce19bcd55405f2dd3,Other,semantic_scholar,0,Unclassified (inspect top terms)
s2:3962ad5b34dc7c4c89b135dc982f6b9ea0b80455,Advancing Cyber Threat Detection through SIEM-Based Automation and MITRE ATT&CK Aligned Analytics: A Systematic Review,2026,Amarachi Franca Mgbemele,Asian Journal of Research in Computer Science,10.9734/ajrcos/2026/v19i1816,https://www.semanticscholar.org/paper/3962ad5b34dc7c4c89b135dc982f6b9ea0b80455,Other,semantic_scholar,0,Unclassified (inspect top terms)
s2:85aaa4dbacdd61872d6478fffce536d3b9659782,Rethinking Online Smart Contract Diagnosis in Blockchains: A Diffusion Perspective,2026,Qinnan Hu; Yuntao Wang; Zhou Su; T. Luan; Ruidong Li; Zhenyu Jiang,IEEE Transactions on Networking,10.1109/TON.2025.3597004,https://www.semanticscholar.org/paper/85aaa4dbacdd61872d6478fffce536d3b9659782,IEEE,semantic_scholar,4,Unclassified (inspect top terms)
s2:a75d0992a1c333c3e921db521f564a1f10cba4b7,Theoretical Foundations and Architectural Evolution of Cyberspace Endogenous Security: A Comprehensive Survey,2026,Heming Zhang; Jian Li; Hong Wang; Shizhong Xu; H. Yang; Haitao Wu,Applied Sciences,10.3390/app16041689,https://www.semanticscholar.org/paper/a75d0992a1c333c3e921db521f564a1f10cba4b7,MDPI,semantic_scholar,2,Unclassified (inspect top terms)
s2:e1687ac26be287a0fe54ff45ad158d28a886b943,Enhancing Cybersecurity Resilience through AI-Driven Threat Detection and Automated Incident Response in Modern Networks,2026,Putha Sateesh Kumar,International Journal for Research in Applied Science and Engineering Technology,10.22214/ijraset.2026.77572,https://www.semanticscholar.org/paper/e1687ac26be287a0fe54ff45ad158d28a886b943,Other,semantic_scholar,0,Unclassified (inspect top terms)
s2:9cc6c5770bfac687318dc88d71e756f849126733,Bridging Observability and Security: A Graph-Based Arbitration and Adaptive Sensing Approach via eBPF,2026,Heng Ran; Chuanping Hu; Zhuang Yan,IEEE Access,10.1109/ACCESS.2026.3658370,https://www.semanticscholar.org/paper/9cc6c5770bfac687318dc88d71e756f849126733,IEEE,semantic_scholar,2,Unclassified (inspect top terms)
s2:7d7d83fb0850af859b3c87b4c0cbe8b69a5f6717,Enhancing Cybersecurity Postures Using Machine Learning,2026,K. Rajkiran; D. N. Babu; D. Deepika; P. Reddy; C. Jagadeesh,INTERNATIONAL JOURNAL OF SCIENTIFIC RESEARCH IN ENGINEERING AND MANAGEMENT,10.55041/ijsrem58644,https://www.semanticscholar.org/paper/7d7d83fb0850af859b3c87b4c0cbe8b69a5f6717,Other,semantic_scholar,2,Unclassified (inspect top terms)
s2:03e75c7118cdf83e24d9986b7bf9519356b9d525,Doctrine-to-Deployment: Role of Advanced Persistent Threats in Russia’s “Information Confrontation” Doctrine,2026,Elia Gelati; Luigi Martino,International Conference on Cyber Warfare and Security,10.34190/iccws.21.1.4411,https://www.semanticscholar.org/paper/03e75c7118cdf83e24d9986b7bf9519356b9d525,Other,semantic_scholar,6,Unclassified (inspect top terms)
s2:eef50c069626f58246148aebf4980811b9f242b4,NEW CYBERSECURITY CHALLENGES IN AVIATION INDUSTRY,2026,Tomislav Tuntev; Gjorgji Alceski,Security Dialogues /Безбедносни дијалози,10.47054/sd25259t,https://www.semanticscholar.org/paper/eef50c069626f58246148aebf4980811b9f242b4,Other,semantic_scholar,0,Unclassified (inspect top terms)
s2:8967d1c7d29785b24f83486162d1b7c4716d9ad5,Performance Analysis of DM JL Forksheet-NCFET Biosensor With ML-Driven LoD Analysis,2026,N. Gandhi; P. N. Kondekar,IEEE transactions on dielectrics and electrical insulation,10.1109/TDEI.2025.3610584,https://www.semanticscholar.org/paper/8967d1c7d29785b24f83486162d1b7c4716d9ad5,IEEE,semantic_scholar,2,Unclassified (inspect top terms)
s2:80c3e44e7d80b55f6027a870efd52da07dc3c825,Multi-Perspective Security Risk Assessment for APT Attacks in CPS Environments,2026,Sihn-Hye Park; Seok-Won Lee,IEEE Access,10.1109/ACCESS.2026.3670930,https://www.semanticscholar.org/paper/80c3e44e7d80b55f6027a870efd52da07dc3c825,IEEE,semantic_scholar,0,Unclassified (inspect top terms)
s2:0aeff6b269c4ad00a69e8ad6142f34f41b115ff0,"Machine Learning for Identifying Deepfake-Driven Identity Abuse, Authentication Evasion, and Customer Impersonation in U.S. Banking",2026,Yusuf Oli Rahat; Md Kamrul Islam; Shah Farhan Rabbani,Frontiers in Computer Science and Artificial Intelligence,10.32996/fcsai.2026.4.3.7x,https://www.semanticscholar.org/paper/0aeff6b269c4ad00a69e8ad6142f34f41b115ff0,Other,semantic_scholar,0,Unclassified (inspect top terms)
oa:W7124423884,CTI-Thinker: an LLM-driven system for CTI knowledge graph construction and attack reasoning,2026,Xiuzhang Yang; Ruijie Zhong; Yuling Chen; Guojun Peng; Di Yao; Chaofan Chen; Cheng Wang; Dongni Zhang; Yu Zhou; Zixuan Yang,Cybersecurity,10.1186/s42400-025-00505-y,https://openalex.org/W7124423884,Other,openalex,2,Unclassified (inspect top terms)
